{
  "routes": [
    { "src": "/(.*)", "dest": "/index.html" }
  ],
  "headers": [
    {
      "source": "/(.*)",
      "headers": [
        { "key": "Access-Control-Allow-Origin", "value": "*" },
        { "key": "X-Frame-Options", "value": "DENY" },
        { "key": "X-Content-Type-Options", "value": "nosniff" },
        { "key": "Referrer-Policy", "value": "strict-origin-when-cross-origin" },
        { "key": "Content-Security-Policy", "value": "default-src 'self'; script-src 'self' 'unsafe-inline' 'unsafe-eval'; style-src 'self' 'unsafe-inline'; img-src 'self' data: https://* http://*; font-src 'self' data:; connect-src 'self' https://gozamadrid-api-prod.eba-adypnjgx.eu-west-3.elasticbeanstalk.com" }
      ]
    }
  ]
} 